feature,importance
spectral_entropy,0.16080442109424473
skewness,0.15937538709277838
slope_mean,0.10296475729070234
kurtosis,0.09243827160493827
zero_crossings,0.08582511865644396
slope_max,0.06681460508731915
max,0.06259524579267023
ppi_std,0.05692360143740568
pulse_amplitude,0.05605991920236934
rmssd,0.052375279343860645
