feature,importance
skewness,0.213048433369539
kurtosis,0.20000119712994235
zero_crossings,0.17123626373626377
slope_mean,0.07747939376732023
rmssd,0.0746201666300975
area_under_curve,0.0643263927586106
pulse_amplitude,0.06109859381306586
slope_max,0.055979104185496315
ppi_std,0.0430729319037645
mdi_score,0.0115559916274202
